{"nr_chans": 14, "chans": [23, 24, 7, 0, 32, 29, 15, 34, 35, 38, 3, 59, 4, 33], "windows": 10, "baseline": 25.0, "target_class": 1.0, "f1": 0.6991869918699187, "threshold": 0.5586656402097084, "acc": 0.696, "acc_std": 0.047324637365490155, "data_srate": 250, "classifier_update_rate": 0.05}